FECHA,PROVINCIA TRIBUTARIA,OTROS_NO_INFORMADO,AGRICULTURA_NO_INFORMADO,INDUSTRIA_NO_INFORMADO,CONSTRUCCION_NO_INFORMADO,SERVICIOS_NO_INFORMADO,TOTAL_NO_INFORMADO,OTROS_MUNICIPAL,AGRICULTURA_MUNICIPAL,INDUSTRIA_MUNICIPAL,CONSTRUCCION_MUNICIPAL,SERVICIOS_MUNICIPAL,TOTAL_MUNICIPAL,OTROS_NACIONAL,AGRICULTURA_NACIONAL,INDUSTRIA_NACIONAL,CONSTRUCCION_NACIONAL,SERVICIOS_NACIONAL,TOTAL_NACIONAL,OTROS_PROVINCIAL,AGRICULTURA_PROVINCIAL,INDUSTRIA_PROVINCIAL,CONSTRUCCION_PROVINCIAL,SERVICIOS_PROVINCIAL,TOTAL_PROVINCIAL
1997,"AVILA",           .,           .,           .,           .,           .,           .,         344,         597,         908,        2639,       10722,       15210,           3,          22,           .,           2,         784,         811,           .,          31,           5,          63,         519,         618

1997,"BURGOS",           .,           .,           .,           .,           .,           .,        1174,         710,        2129,        3953,       22732,       30698,           6,          80,           .,           6,        2389,        2481,           2,          41,           3,          97,         652,         795

1997,"LEON",           .,           .,           .,           .,           .,           .,        1330,         694,        2736,        6493,       29506,       40759,           6,          53,           2,           2,        2452,        2515,           1,          81,           5,         334,        1471,        1892

1997,"PALENCIA",           .,           .,           .,           .,           .,           .,         522,         515,         898,        2304,       10875,       15114,           3,          53,           .,           4,        1045,        1105,           1,          48,           1,          78,         366,         494

1997,"SALAMANCA",           .,           .,           .,           .,           .,           .,         987,         502,        2280,        4629,       22192,       30590,           6,          42,           .,           2,        2006,        2056,           .,          78,           2,         214,         953,        1247

1997,"SEGOVIA",           .,           .,           .,           .,           .,           .,         465,        1473,         890,        2406,       10126,       15360,           1,          36,           .,           2,         825,         864,           .,          16,           2,          29,         409,         456

1997,"SORIA",           .,           .,           .,           .,           .,           .,         421,         616,         640,        1429,        6095,        9201,           .,          75,           .,           1,         711,         787,           .,          30,           2,          61,         158,         251

1997,"VALLADOLID",           .,           .,           .,           .,           .,           .,        1281,         836,        2171,        4486,       28290,       37064,          13,          85,           1,          13,        2539,        2651,           1,          47,           3,         122,         926,        1099

1997,"ZAMORA",           .,           .,           .,           .,           .,           .,         448,         313,        1180,        2638,       12596,       17175,           .,          52,           .,           2,        1081,        1135,           .,          81,           1,          84,         539,         705

1997,"TOTAL",           .,           .,           .,           .,           .,           .,        6972,        6256,       13832,       30977,      153134,      211171,          38,         498,           3,          34,       13832,       14405,           5,         453,          24,        1082,        5993,        7557

1998,"AVILA",           .,           .,           .,           .,           .,           .,         343,         628,         910,        2881,       10688,       15450,           2,          25,           .,           2,         804,         833,           .,          30,           6,          69,         497,         602

1998,"BURGOS",           .,           .,           .,           .,           .,           .,        1153,         724,        2169,        4069,       23156,       31271,           7,          86,           .,           5,        2579,        2677,           2,          42,           2,          99,         626,         771

1998,"LEON",           .,           .,           .,           .,           .,           .,        1331,         720,        2798,        7015,       30734,       42598,           6,          57,           2,           2,        2692,        2759,           2,          78,           5,         337,        1458,        1880

1998,"PALENCIA",           .,           .,           .,           .,           .,           .,         509,         515,         922,        2551,       11148,       15645,           3,          64,           .,           4,        1108,        1179,           1,          51,           1,          95,         357,         505

1998,"SALAMANCA",           .,           .,           .,           .,           .,           .,         994,         535,        2300,        5114,       23140,       32083,           6,          49,           .,           4,        2215,        2274,           .,          86,           4,         221,         938,        1249

1998,"SEGOVIA",           .,           .,           .,           .,           .,           .,         467,        1571,         898,        2533,       10775,       16244,           1,          33,           .,           2,        1041,        1077,           .,          18,           2,          30,         428,         478

1998,"SORIA",           .,           .,           .,           .,           .,           .,         424,         647,         676,        1550,        6280,        9577,           .,          87,           .,           2,         755,         844,           .,          28,           2,          55,         153,         238

1998,"VALLADOLID",           .,           .,           .,           .,           .,           .,        1270,         871,        2155,        4380,       27178,       35854,          15,          87,           1,          16,        2712,        2831,           1,          43,           3,         120,         936,        1103

1998,"ZAMORA",           .,           .,           .,           .,           .,           .,         484,         364,        1177,        2832,       12813,       17670,           .,          55,           .,           2,        1121,        1178,           .,          75,           1,          85,         531,         692

1998,"TOTAL",           .,           .,           .,           .,           .,           .,        6975,        6575,       14005,       32925,      155912,      216392,          40,         543,           3,          39,       15027,       15652,           6,         451,          26,        1111,        5924,        7518

1999,"AVILA",           .,           .,           .,           .,           .,           .,         336,         644,         908,        2920,       10871,       15679,           2,          27,           .,           1,         807,         837,           .,          29,           4,          74,         455,         562

1999,"BURGOS",           .,           .,           .,           .,           .,           .,        1146,         741,        2163,        4277,       23163,       31490,           7,          85,           .,           6,        2614,        2712,           2,          47,           2,          98,         571,         720

1999,"LEON",           .,           .,           .,           .,           .,           .,        1315,         733,        2810,        7350,       31155,       43363,           9,          70,           2,           2,        2747,        2830,           2,          80,           5,         362,        1347,        1796

1999,"PALENCIA",           .,           .,           .,           .,           .,           .,         521,         500,         942,        2567,       11186,       15716,           3,          73,           .,           4,        1150,        1230,           1,          49,           1,         111,         345,         507

1999,"SALAMANCA",           .,           .,           .,           .,           .,           .,        1014,         559,        2295,        5214,       23528,       32610,           5,          54,           .,           3,        2284,        2346,           1,          82,           5,         222,         848,        1158

1999,"SEGOVIA",           .,           .,           .,           .,           .,           .,         465,        1653,         888,        2593,       10906,       16505,           1,          35,           .,           3,        1078,        1117,           .,          21,           2,          31,         351,         405

1999,"SORIA",           .,           .,           .,           .,           .,           .,         419,         656,         675,        1577,        6311,        9638,           .,          77,           .,           2,         778,         857,           .,          39,           2,          56,         143,         240

1999,"VALLADOLID",           .,           .,           .,           .,           .,           .,        1322,         885,        2268,        4866,       30062,       39403,          17,          93,           1,          14,        2788,        2913,           1,          47,           3,         120,         790,         961

1999,"ZAMORA",           .,           .,           .,           .,           .,           .,         466,         402,        1188,        2958,       12907,       17921,           1,          58,           .,           2,        1154,        1215,           .,          81,           1,          87,         475,         644

1999,"TOTAL",           .,           .,           .,           .,           .,           .,        7004,        6773,       14137,       34322,      160089,      222325,          45,         572,           3,          37,       15400,       16057,           7,         475,          25,        1161,        5325,        6993

2000,"AVILA",           .,           .,           .,           .,           .,           .,         343,         684,         910,        3025,       10977,       15939,           2,          29,           .,           1,         870,         902,           .,          30,           5,          79,         414,         528

2000,"BURGOS",           .,           .,           .,           .,           .,           .,        1134,         742,        2222,        4602,       23993,       32693,           6,          90,           .,           8,        2701,        2805,           2,          47,           3,          94,         544,         690

2000,"LEON",           .,           .,           .,           .,           .,           .,        1320,         777,        2860,        7467,       31643,       44067,          16,          71,           2,           2,        2827,        2918,           2,          88,           6,         373,        1289,        1758

2000,"PALENCIA",           .,           .,           .,           .,           .,           .,         509,         501,         950,        2618,       11173,       15751,           3,          85,           .,           4,        1223,        1315,           1,          46,           2,         116,         330,         495

2000,"SALAMANCA",           .,           .,           .,           .,           .,           .,         983,         601,        2306,        5072,       23680,       32642,           6,          57,           .,           2,        2608,        2673,           1,          87,           6,         231,         757,        1082

2000,"SEGOVIA",           .,           .,           .,           .,           .,           .,         464,        1699,         915,        2605,       11011,       16694,           2,          36,           .,           5,        1131,        1174,           .,          24,           2,          37,         347,         410

2000,"SORIA",           .,           .,           .,           .,           .,           .,         397,         653,         680,        1630,        6355,        9715,           .,          95,           .,           2,         797,         894,           .,          36,           3,          57,         125,         221

2000,"VALLADOLID",           .,           .,           .,           .,           .,           .,        1321,         892,        2322,        5214,       30657,       40406,          20,         105,           1,          17,        2860,        3003,           .,          60,           3,         116,         744,         923

2000,"ZAMORA",           .,           .,           .,           .,           .,           .,         480,         431,        1222,        3256,       13005,       18394,           1,          63,           .,           2,        1161,        1227,           .,          85,           2,         104,         456,         647

2000,"TOTAL",           .,           .,           .,           .,           .,           .,        6951,        6980,       14387,       35489,      162494,      226301,          56,         631,           3,          43,       16178,       16911,           6,         503,          32,        1207,        5006,        6754

2001,"AVILA",           .,           .,           .,           .,           .,           .,         365,         705,         903,        3145,       11061,       16179,           3,          32,           .,           1,         929,         965,           .,          36,           4,          84,         330,         454

2001,"BURGOS",           .,           .,           .,           .,           .,           .,        1144,         733,        2247,        4879,       24245,       33248,           6,          89,           .,           7,        2661,        2763,           2,          51,           2,          98,         474,         627

2001,"LEON",           .,           .,           .,           .,           .,           .,        1364,         761,        2849,        7588,       31750,       44312,          14,          67,           6,           2,        2877,        2966,           2,          96,           5,         383,        1150,        1636

2001,"PALENCIA",           .,           .,           .,           .,           .,           .,         507,         499,         967,        2644,       11266,       15883,           3,          93,           .,           4,        1236,        1336,           1,          64,           1,         118,         280,         464

2001,"SALAMANCA",           .,           .,           .,           .,           .,           .,         980,         628,        2350,        4792,       24020,       32770,           6,          59,           .,           3,        2721,        2789,           1,          96,           5,         219,         633,         954

2001,"SEGOVIA",           .,           .,           .,           .,           .,           .,         471,        1757,         954,        2707,       11081,       16970,           2,          35,           .,           4,        1122,        1163,           .,          28,           2,          39,         331,         400

2001,"SORIA",           .,           .,           .,           .,           .,           .,         404,         667,         691,        1720,        6429,        9911,           .,          99,           .,           2,         784,         885,           .,          36,           2,          57,         106,         201

2001,"VALLADOLID",           .,           .,           .,           .,           .,           .,        1371,         930,        2333,        5544,       31411,       41589,          18,         115,           2,          14,        2836,        2985,           1,          63,           3,         111,         654,         832

2001,"ZAMORA",           .,           .,           .,           .,           .,           .,         486,         449,        1267,        3685,       13097,       18984,           2,          66,           .,           2,        1263,        1333,           .,          80,           1,         111,         436,         628

2001,"TOTAL",           .,           .,           .,           .,           .,           .,        7092,        7129,       14561,       36704,      164360,      229846,          54,         655,           8,          39,       16429,       17185,           7,         550,          25,        1220,        4394,        6196

2002,"AVILA",           .,           .,           .,           .,           .,           .,         369,         706,         885,        3134,       11011,       16105,           4,          29,           .,           1,         932,         966,           .,          36,           4,          87,         311,         438

2002,"BURGOS",           .,           .,           .,           .,           .,           .,        1128,         742,        2263,        4930,       24279,       33342,           6,          89,           .,           7,        2665,        2767,           2,          60,           2,          97,         469,         630

2002,"LEON",           .,           .,           .,           .,           .,           .,        1374,         746,        2860,        7628,       31752,       44360,          10,          72,           6,           3,        2902,        2993,           3,          95,           5,         376,        1090,        1569

2002,"PALENCIA",           .,           .,           .,           .,           .,           .,         498,         497,         973,        2675,       11138,       15781,           2,          96,           .,           4,        1249,        1351,           1,          74,           1,         122,         252,         450

2002,"SALAMANCA",           .,           .,           .,           .,           .,           .,         967,         681,        2330,        4771,       23915,       32664,           5,          63,           .,           4,        2761,        2833,           1,         101,           5,         214,         619,         940

2002,"SEGOVIA",           .,           .,           .,           .,           .,           .,         471,        1807,         972,        2862,       11004,       17116,           2,          35,           .,           4,        1078,        1119,           .,          32,           2,          34,         334,         402

2002,"SORIA",           .,           .,           .,           .,           .,           .,         399,         669,         711,        1814,        6471,       10064,           .,          93,           .,           3,         794,         890,           .,          39,           2,          49,         106,         196

2002,"VALLADOLID",           .,           .,           .,           .,           .,           .,        1409,         944,        2386,        5717,       31705,       42161,          17,         117,           2,          15,        2791,        2942,           2,          66,           4,         121,         648,         841

2002,"ZAMORA",           .,           .,           .,           .,           .,           .,         500,         509,        1275,        3658,       12970,       18912,           3,          69,           .,           1,        1173,        1246,           .,          81,           1,         115,         409,         606

2002,"TOTAL",           .,           .,           .,           .,           .,           .,        7115,        7301,       14655,       37189,      164245,      230505,          49,         663,           8,          42,       16345,       17107,           9,         584,          26,        1215,        4238,        6072

2003,"AVILA",           1,           1,           .,          13,          19,          34,         377,         723,         878,        3130,       11046,       16154,           4,          31,           .,          79,         923,        1037,           .,          34,           4,         129,         289,         456

2003,"BURGOS",           9,          14,          17,         114,         498,         652,        1138,         759,        2286,        5045,       24346,       33574,           7,          92,           .,          25,        2676,        2800,           2,          58,           2,         152,         455,         669

2003,"LEON",           1,           .,           2,          28,          33,          64,        1372,         735,        2887,        7269,       31477,       43740,          11,          75,           5,          58,        2884,        3033,           1,          91,           5,         573,        1021,        1691

2003,"PALENCIA",           2,           9,           1,          74,         133,         219,         514,         480,         993,        2557,       11227,       15771,           2,          93,           .,          30,        1258,        1383,           2,          82,           1,         147,         237,         469

2003,"SALAMANCA",           4,           2,           6,          34,         107,         153,         959,         641,        2309,        4445,       23683,       32037,           6,          71,           .,          69,        2774,        2920,           .,         102,           5,         331,         590,        1028

2003,"SEGOVIA",           2,           7,           4,          73,         127,         213,         474,        1838,         975,        2862,       11130,       17279,           4,          41,           .,          23,        1085,        1153,           .,          35,           2,          56,         323,         416

2003,"SORIA",           2,           6,           .,          23,          68,          99,         405,         660,         718,        1700,        6469,        9952,           .,          93,           .,          13,         791,         897,           .,          46,           2,          84,          95,         227

2003,"VALLADOLID",           1,           .,           4,          21,          43,          69,        1485,         928,        2403,        5746,       32273,       42835,          17,         130,           2,         149,        2804,        3102,           .,          71,           3,         240,         633,         947

2003,"ZAMORA",           .,           1,           2,          16,          19,          38,         500,         527,        1280,        3323,       12921,       18551,           3,          65,           .,          53,        1126,        1247,           .,          75,           1,         166,         380,         622

2003,"TOTAL",          22,          40,          36,         396,        1047,        1541,        7224,        7291,       14729,       36077,      164572,      229893,          54,         691,           7,         499,       16321,       17572,           5,         594,          25,        1878,        4023,        6525

2004,"AVILA",           5,          68,           3,         607,         333,        1016,         391,         738,         917,        2777,       11687,       16510,           5,          29,           .,          63,         906,        1003,           .,          32,           4,         122,         258,         416

2004,"BURGOS",          21,         115,          42,        1141,        1557,        2876,        1160,         753,        2316,        4503,       25100,       33832,           8,          78,           .,          23,        2812,        2921,           2,          53,           2,         144,         408,         609

2004,"LEON",          22,          53,          14,        1444,        1056,        2589,        1455,         728,        2975,        6100,       32939,       44197,          15,          70,           6,          58,        2798,        2947,           1,          85,           5,         545,         930,        1566

2004,"PALENCIA",           6,          77,           6,         462,         448,         999,         529,         463,        1084,        2268,       11368,       15712,           6,          90,           .,          28,        1209,        1333,           2,          76,           1,         133,         208,         420

2004,"SALAMANCA",          39,          57,          41,         846,        1493,        2476,         991,         662,        2394,        3979,       24570,       32596,          11,          67,           .,          62,        2780,        2920,           .,          91,           5,         304,         528,         928

2004,"SEGOVIA",           5,          67,          12,         547,         373,        1004,         489,        1839,         983,        2584,       11245,       17140,           3,          34,           .,          20,        1061,        1118,           1,          32,           2,          55,         304,         394

2004,"SORIA",           5,          82,          12,         231,         481,         811,         410,         647,         757,        1526,        6612,        9952,           .,          77,           .,          12,         757,         846,           .,          40,           2,          78,          79,         199

2004,"VALLADOLID",          26,          90,          49,        1140,        1294,        2599,        1566,         906,        2545,        5168,       33384,       43569,          24,         118,           2,         136,        2807,        3087,           .,          64,           3,         206,         583,         856

2004,"ZAMORA",           3,          78,          18,         531,         439,        1069,         522,         530,        1399,        2904,       13381,       18736,           5,          62,           .,          52,        1146,        1265,           .,          67,           1,         152,         351,         571

2004,"TOTAL",         132,         687,         197,        6949,        7474,       15439,        7513,        7266,       15370,       31809,      170286,      232244,          77,         625,           8,         454,       16276,       17440,           6,         540,          25,        1739,        3649,        5959

2005,"AVILA",          84,         256,         149,        1150,        3648,        5287,         480,         878,        1156,        3681,       13640,       19835,           4,          34,           .,          56,        1108,        1202,           .,          43,           7,         136,         550,         736

2005,"BURGOS",         195,         251,         392,        2001,        8136,       10975,        1467,         899,        2761,        5379,       28701,       39207,           7,          76,           .,          21,        2744,        2848,           2,          54,           3,         143,         506,         708

2005,"LEON",         337,         209,         533,        2685,       10063,       13827,        1749,         910,        3615,        8197,       39314,       53785,          13,          87,           6,          48,        3541,        3695,           1,         107,           6,         623,        1642,        2379

2005,"PALENCIA",          88,         146,         214,         761,        3060,        4269,         674,         636,        1270,        2992,       13879,       19451,           3,         105,           .,          25,        1467,        1600,           1,          88,           2,         152,         396,         639

2005,"SALAMANCA",         222,         196,         440,        1540,        8178,       10576,        1207,         720,        2757,        5114,       28542,       38340,           8,          70,           .,          54,        3103,        3235,           .,         105,           6,         343,         846,        1300

2005,"SEGOVIA",         102,         252,         156,        1099,        3298,        4907,         611,        2151,        1199,        3353,       13430,       20744,           4,          43,           .,          17,        1278,        1342,           .,          36,           3,          61,         506,         606

2005,"SORIA",          64,         182,         122,         389,        2243,        3000,         524,         834,         888,        1986,        8047,       12279,           .,          94,           .,          13,         957,        1064,           .,          48,           3,          94,         169,         314

2005,"VALLADOLID",         363,         243,         555,        2416,       11235,       14812,        1871,        1174,        3074,        6677,       41422,       54218,          20,         138,           2,         134,        3499,        3793,           .,          82,           6,         256,        1005,        1349

2005,"ZAMORA",         133,         266,         345,         865,        3789,        5398,         618,         590,        1620,        3671,       15763,       22262,           1,          82,           .,          48,        1318,        1449,           .,          94,           2,         164,         584,         844

2005,"TOTAL",        1588,        2001,        2906,       12906,       53650,       73051,        9201,        8792,       18340,       41050,      202738,      280121,          60,         729,           8,         416,       19015,       20228,           4,         657,          38,        1972,        6204,        8875

2006,"AVILA",         124,         343,         296,        1686,        5352,        7801,         327,         645,         777,        2503,        8769,       13021,           2,          28,           .,          49,         783,         862,           .,          29,           4,         113,         237,         383

2006,"BURGOS",         265,         333,         580,        2644,       11155,       14977,        1035,         660,        2076,        4210,       20520,       28501,           6,          73,           .,          19,        2288,        2386,           2,          52,           2,         131,         368,         555

2006,"LEON",         476,         294,         736,        3665,       13914,       19085,        1168,         633,        2453,        5351,       25347,       34952,           8,          62,           5,          42,        2437,        2554,           1,          80,           5,         498,         808,        1392

2006,"PALENCIA",         136,         200,         378,        1036,        4367,        6117,         460,         400,         906,        2024,        8937,       12727,           1,          86,           .,          25,        1059,        1171,           1,          69,           1,         123,         187,         381

2006,"SALAMANCA",         327,         289,         719,        2042,       10991,       14368,         900,         565,        2086,        3901,       20994,       28446,           5,          59,           .,          53,        2414,        2531,           .,          78,           5,         281,         452,         816

2006,"SEGOVIA",         152,         364,         247,        1560,        4698,        7021,         414,        1666,         852,        2301,        8802,       14035,           3,          34,           .,          16,         919,         972,           .,          28,           2,          52,         262,         344

2006,"SORIA",          90,         268,         170,         536,        3103,        4167,         349,         576,         679,        1353,        5257,        8214,           .,          68,           .,          13,         640,         721,           .,          37,           2,          67,          68,         174

2006,"VALLADOLID",         522,         388,        1022,        3397,       16557,       21886,        1361,         839,        2169,        4786,       28361,       37516,          13,         109,           2,         113,        2430,        2667,           .,          63,           3,         187,         514,         767

2006,"ZAMORA",         172,         390,         617,        1173,        5316,        7668,         425,         464,        1134,        2529,       10276,       14828,           1,          57,           .,          41,         977,        1076,           .,          61,           1,         134,         322,         518

2006,"TOTAL",        2264,        2869,        4765,       17739,       75453,      103090,        6439,        6448,       13132,       28958,      137263,      192240,          39,         576,           7,         371,       13947,       14940,           4,         497,          25,        1586,        3218,        5330

2007,"AVILA",         182,         395,         537,        2461,        6738,       10313,         324,         630,         752,        2525,        8379,       12610,           1,          26,           .,          46,         740,         813,           .,          26,           4,         113,         213,         356

2007,"BURGOS",         407,         601,         805,        4266,       13995,       20074,         997,         634,        2007,        3959,       19267,       26864,           5,          72,           .,          20,        2178,        2275,           2,          50,           2,         136,         351,         541

2007,"LEON",         587,         396,         972,        4618,       16478,       23051,        1154,         598,        2387,        5103,       24082,       33324,           7,          60,           5,          33,        2283,        2388,           1,          78,           5,         494,         753,        1331

2007,"PALENCIA",         174,         246,         548,        1313,        5388,        7669,         451,         378,         893,        1932,        8506,       12160,           1,          85,           .,          22,         994,        1102,           1,          64,           1,         123,         182,         371

2007,"SALAMANCA",         414,         389,         964,        2595,       13474,       17836,         842,         553,        1999,        3672,       19174,       26240,           5,          57,           .,          50,        2303,        2415,           .,          76,           5,         265,         417,         763

2007,"SEGOVIA",         207,         524,         343,        2495,        5915,        9484,         402,        1606,         836,        2215,        8323,       13382,           3,          31,           .,          12,         871,         917,           .,          27,           3,          51,         249,         330

2007,"SORIA",         119,         350,         257,         748,        3880,        5354,         337,         552,         672,        1319,        4919,        7799,           .,          66,           .,          13,         599,         678,           .,          34,           2,          67,          64,         167

2007,"VALLADOLID",         687,         641,        1435,        4695,       20406,       27864,        1290,         809,        2065,        4376,       26330,       34870,          13,         102,           2,         109,        2325,        2551,           .,          59,           3,         179,         479,         720

2007,"ZAMORA",         215,         467,         869,        1527,        6486,        9564,         419,         446,        1118,        2393,        9591,       13967,           1,          54,           .,          37,         920,        1012,           .,          57,           1,         129,         303,         490

2007,"TOTAL",        2992,        4009,        6730,       24718,       92760,      131209,        6216,        6206,       12729,       27494,      128571,      181216,          36,         553,           7,         342,       13213,       14151,           4,         471,          26,        1557,        3011,        5069

2008,"AVILA",         208,         432,         778,        2950,        7778,       12146,         307,         610,         735,        2327,        8010,       11989,           1,          25,           .,          43,         695,         764,           .,          25,           4,         118,         200,         347

2008,"BURGOS",         486,        1033,        1018,        4929,       16063,       23529,         936,         623,        1947,        3701,       17992,       25199,           4,          69,           .,          14,        2057,        2144,           2,          48,           2,         137,         331,         520

2008,"LEON",         655,         427,        1186,        5059,       18195,       25522,        1127,         576,        2324,        4942,       22929,       31898,           7,          60,           5,          38,        2144,        2254,           1,          73,           5,         487,         695,        1261

2008,"PALENCIA",         190,         288,         659,        1414,        6018,        8569,         446,         355,         856,        1869,        8006,       11532,           1,          84,           .,          20,         942,        1047,           1,          58,           1,         116,         170,         346

2008,"SALAMANCA",         482,         464,        1366,        2861,       15232,       20405,         793,         530,        1947,        3450,       17909,       24629,           5,          57,           .,          45,        2187,        2294,           .,          71,           5,         255,         392,         723

2008,"SEGOVIA",         257,         624,         464,        2764,        6685,       10794,         399,        1567,         873,        2077,        7879,       12795,           3,          30,           .,          12,         824,         869,           .,          25,           3,          51,         234,         313

2008,"SORIA",         145,         385,         325,         874,        4500,        6229,         332,         531,         655,        1276,        4652,        7446,           1,          65,           .,          10,         566,         642,           .,          34,           2,          65,          60,         161

2008,"VALLADOLID",         844,        1112,        1897,        5203,       23233,       32289,        1257,         769,        2030,        4123,       24691,       32870,          13,          92,           2,         108,        2222,        2437,           .,          55,           3,         181,         450,         689

2008,"ZAMORA",         269,         573,        1103,        1753,        7462,       11160,         397,         426,        1121,        2265,        9003,       13212,           1,          51,           .,          34,         877,         963,           .,          55,           1,         122,         291,         469

2008,"TOTAL",        3536,        5338,        8796,       27807,      105166,      150643,        5994,        5987,       12488,       26030,      121071,      171570,          36,         533,           7,         324,       12514,       13414,           4,         444,          26,        1532,        2823,        4829

2009,"AVILA",         249,         481,         784,        2753,        8376,       12643,         297,         585,         706,        2140,        7607,       11335,           1,          25,           .,          39,         656,         721,           .,          25,           4,         118,         187,         334

2009,"BURGOS",         528,         724,        1085,        4581,       17890,       24808,         914,         598,        1918,        3439,       17000,       23869,           4,          68,           .,          13,        1968,        2053,           2,          46,           2,         134,         311,         495

2009,"LEON",         703,         475,        1253,        5106,       19785,       27322,        1113,         550,        2276,        4707,       22058,       30704,           8,          63,           5,          40,        2041,        2157,           1,          70,           5,         479,         669,        1224

2009,"PALENCIA",         208,         316,         654,        1421,        6546,        9145,         426,         339,         837,        1773,        7651,       11026,           1,          79,           .,          20,         895,         995,           1,          56,           1,         117,         159,         334

2009,"SALAMANCA",         560,         550,        1441,        2910,       16815,       22276,         774,         524,        1929,        3270,       17488,       23985,           5,          55,           .,          45,        2100,        2205,           .,          66,           5,         247,         367,         685

2009,"SEGOVIA",         263,         631,         490,        2442,        7282,       11108,         385,        1501,         873,        1981,        7570,       12310,           3,          29,           .,          16,         804,         852,           .,          23,           3,          59,         213,         298

2009,"SORIA",         167,         471,         337,         868,        4948,        6791,         321,         504,         645,        1229,        4426,        7125,           1,          65,           .,          10,         548,         624,           .,          35,           2,          66,          58,         161

2009,"VALLADOLID",         944,         922,        2014,        5096,       25549,       34525,        1208,         728,        1946,        3830,       23325,       31037,          13,          89,           2,          91,        2113,        2308,           .,          51,           3,         173,         430,         657

2009,"ZAMORA",         287,         618,        1140,        1826,        8038,       11909,         389,         414,        1089,        2122,        8488,       12502,           1,          46,           .,          31,         818,         896,           .,          51,           1,         125,         270,         447

2009,"TOTAL",        3909,        5188,        9198,       27003,      115229,      160527,        5827,        5743,       12219,       24491,      115613,      163893,          37,         519,           7,         305,       11943,       12811,           4,         423,          26,        1518,        2664,        4635

2010,"AVILA",         269,         680,         826,        2663,        9072,       13510,         280,         557,         679,        1920,        7183,       10619,           1,          24,           .,          36,         637,         698,           .,          25,           5,         114,         176,         320

2010,"BURGOS",         583,         842,        1231,        4230,       19570,       26456,         878,         570,        1855,        3105,       16159,       22567,           3,          64,           .,          12,        1883,        1962,           2,          44,           2,         127,         297,         472

2010,"LEON",         756,         725,        1315,        4884,       21408,       29088,        1055,         532,        2223,        4411,       21149,       29370,           7,          61,           4,          32,        1965,        2069,           1,          72,           5,         458,         609,        1145

2010,"PALENCIA",         228,         387,         701,        1445,        7058,        9819,         418,         324,         827,        1648,        7388,       10605,           1,          75,           .,          18,         837,         931,           1,          56,           1,         113,         145,         316

2010,"SALAMANCA",         592,         868,        1428,        2988,       18134,       24010,         771,         511,        1901,        3021,       16470,       22674,           5,          48,           .,          40,        1999,        2092,           .,          66,           6,         235,         340,         647

2010,"SEGOVIA",         278,         844,         554,        2264,        7798,       11738,         365,        1417,         854,        1773,        7148,       11557,           3,          30,           .,          11,         778,         822,           .,          22,           3,          53,         192,         270

2010,"SORIA",         186,         589,         377,         938,        5355,        7445,         306,         476,         648,        1154,        4236,        6820,           1,          59,           .,          11,         517,         588,           .,          31,           3,          65,          56,         155

2010,"VALLADOLID",        1009,        1013,        2066,        4849,       27882,       36819,        1141,         709,        1876,        3527,       22143,       29396,          11,          80,           2,          76,        2021,        2190,           .,          47,           3,         167,         400,         617

2010,"ZAMORA",         299,         729,        1201,        1903,        8814,       12946,         367,         397,        1061,        1925,        8046,       11796,           1,          45,           .,          29,         772,         847,           .,          48,           1,         122,         252,         423

2010,"TOTAL",        4200,        6677,        9699,       26164,      125091,      171831,        5581,        5493,       11924,       22484,      109922,      155404,          33,         486,           6,         265,       11409,       12199,           4,         411,          29,        1454,        2467,        4365

2011,"AVILA",         305,         750,         861,        2597,        9826,       14339,         264,         541,         656,        1735,        6847,       10043,           1,          22,           .,          35,         607,         665,           .,          24,           4,         108,         160,         296

2011,"BURGOS",         600,         847,        1329,        4237,       21470,       28483,         834,         541,        1804,        2880,       15512,       21571,           2,          63,           .,          11,        1794,        1870,           2,          44,           2,         121,         281,         450

2011,"LEON",         821,         754,        1429,        5067,       23214,       31285,        1012,         510,        2191,        4093,       20365,       28171,           9,          57,           4,          35,        1872,        1977,           1,          64,           5,         436,         571,        1077

2011,"PALENCIA",         238,         398,         715,        1526,        7623,       10500,         400,         310,         839,        1510,        7122,       10181,           1,          72,           .,          15,         791,         879,           1,          56,           1,         107,         141,         306

2011,"SALAMANCA",         650,         965,        1521,        3060,       19683,       25879,         721,         497,        1821,        2703,       15133,       20875,           5,          46,           .,          37,        1908,        1996,           .,          65,           4,         223,         320,         612

2011,"SEGOVIA",         300,         894,         594,        2238,        8442,       12468,         350,        1371,         816,        1589,        6890,       11016,           3,          30,           .,           9,         750,         792,           .,          22,           3,          59,         186,         270

2011,"SORIA",         205,         665,         384,         990,        5757,        8001,         293,         458,         640,        1081,        4024,        6496,           .,          56,           .,          10,         499,         565,           .,          30,           2,          60,          53,         145

2011,"VALLADOLID",        1047,        1083,        2173,        5019,       30724,       40046,        1077,         684,        1815,        3257,       21022,       27855,          11,          78,           2,          71,        1951,        2113,           .,          45,           3,         158,         379,         585

2011,"ZAMORA",         340,         767,        1222,        2054,        9669,       14052,         351,         397,        1037,        1809,        7726,       11320,           2,          45,           .,          29,         754,         830,           .,          46,           1,         105,         244,         396

2011,"TOTAL",        4506,        7123,       10228,       26788,      136408,      185053,        5302,        5309,       11619,       20657,      104641,      147528,          34,         469,           6,         252,       10926,       11687,           4,         396,          25,        1377,        2335,        4137

2012,"AVILA",         322,         794,         889,        2545,       10452,       15002,         254,         520,         631,        1580,        6525,        9510,           1,          21,           .,          34,         578,         634,           .,          24,           4,         104,         152,         284

2012,"BURGOS",         644,         899,        1430,        4465,       23346,       30784,         820,         522,        1753,        2654,       14961,       20710,           2,          64,           .,          11,        1709,        1786,           2,          44,           2,         108,         260,         416

2012,"LEON",         892,         794,        1490,        5310,       25186,       33672,         996,         504,        2136,        3742,       19584,       26962,           9,          53,           4,          36,        1825,        1927,           1,          64,           5,         431,         542,        1043

2012,"PALENCIA",         273,         402,         739,        1597,        8294,       11305,         380,         295,         828,        1395,        6868,        9766,           .,          67,           .,          14,         751,         832,           1,          56,           1,         105,         132,         295

2012,"SALAMANCA",         684,        1049,        1586,        3241,       21515,       28075,         681,         479,        1748,        2480,       14284,       19672,           3,          44,           .,          37,        1790,        1874,           .,          64,           5,         211,         297,         577

2012,"SEGOVIA",         344,        1078,         620,        2249,        9087,       13378,         338,        1330,         815,        1458,        6706,       10647,           2,          29,           .,           8,         714,         753,           .,          22,           3,          50,         179,         254

2012,"SORIA",         229,         694,         413,        1039,        6254,        8629,         285,         446,         637,         997,        3885,        6250,           .,          54,           .,           9,         482,         545,           .,          29,           2,          56,          51,         138

2012,"VALLADOLID",        1109,        1221,        2286,        5066,       33299,       42981,        1033,         681,        1761,        2952,       20106,       26533,          10,          74,           3,          65,        1868,        2020,           .,          45,           2,         150,         362,         559

2012,"ZAMORA",         364,         842,        1223,        2210,       10589,       15228,         342,         392,         999,        1675,        7355,       10763,           1,          42,           .,          30,         711,         784,           .,          46,           1,          98,         233,         378

2012,"TOTAL",        4861,        7773,       10676,       27722,      148022,      199054,        5129,        5169,       11308,       18933,      100274,      140813,          28,         448,           7,         244,       10428,       11155,           4,         394,          25,        1313,        2208,        3944

2013,"AVILA",         311,         858,         911,        2564,       11078,       15722,         247,         502,         609,        1385,        6263,        9006,           .,          20,           .,          28,         543,         591,           .,          25,           4,          94,         139,         262

2013,"BURGOS",         728,         943,        1536,        4525,       25450,       33182,         772,         516,        1701,        2423,       14271,       19683,           2,          63,           .,          11,        1625,        1701,           3,          44,           2,         108,         242,         399

2013,"LEON",        1012,         824,        1557,        5545,       27563,       36501,         956,         471,        2049,        3436,       18950,       25862,           8,          53,           4,          32,        1720,        1817,           2,          61,           5,         411,         506,         985

2013,"PALENCIA",         303,         448,         771,        1694,        9009,       12225,         377,         285,         803,        1253,        6649,        9367,           .,          65,           .,          14,         718,         797,           2,          55,           1,          97,         129,         284

2013,"SALAMANCA",         688,        1144,        1671,        3357,       23475,       30335,         648,         463,        1663,        2209,       13454,       18437,           3,          43,           .,          36,        1674,        1756,           .,          61,           5,         197,         278,         541

2013,"SEGOVIA",         367,        1122,         650,        2275,       10005,       14419,         313,        1294,         793,        1339,        6453,       10192,           2,          29,           .,           7,         675,         713,           .,          21,           3,          44,         165,         233

2013,"SORIA",         231,         750,         436,        1066,        6962,        9445,         280,         426,         622,         910,        3697,        5935,           .,          54,           .,           8,         452,         514,           .,          25,           1,          50,          47,         123

2013,"VALLADOLID",        1194,        1336,        2363,        5087,       36244,       46224,         989,         642,        1721,        2615,       18966,       24933,          11,          72,           3,          55,        1795,        1936,           .,          44,           2,         137,         327,         510

2013,"ZAMORA",         374,         919,        1260,        2283,       11253,       16089,         320,         377,         965,        1548,        6959,       10169,           1,          41,           .,          28,         685,         755,           .,          46,           1,          92,         219,         358

2013,"TOTAL",        5208,        8344,       11155,       28396,      161039,      214142,        4902,        4976,       10926,       17118,       95662,      133584,          27,         440,           7,         219,        9887,       10580,           7,         382,          24,        1230,        2052,        3695

2014,"AVILA",         299,         871,         896,        1964,        9736,       13766,         221,         467,         557,        1139,        5492,        7876,           .,          16,           .,          22,         489,         527,           .,          21,           4,          77,         125,         227

2014,"BURGOS",         677,         883,        1482,        3616,       23665,       30323,         713,         489,        1541,        2045,       12689,       17477,           3,          59,           .,           8,        1455,        1525,           3,          39,           2,          83,         205,         332

2014,"LEON",         907,         822,        1492,        4419,       24716,       32356,         853,         432,        1848,        2767,       16757,       22657,           6,          52,           4,          30,        1537,        1629,           2,          55,           5,         369,         443,         874

2014,"PALENCIA",         291,         427,         751,        1314,        7862,       10645,         330,         264,         726,        1034,        5919,        8273,           .,          62,           .,          11,         642,         715,           3,          57,           1,          93,         109,         263

2014,"SALAMANCA",         676,        1156,        1560,        2787,       21230,       27409,         580,         443,        1517,        1874,       11930,       16344,           3,          39,           .,          34,        1528,        1604,           .,          56,           5,         167,         250,         478

2014,"SEGOVIA",         335,         998,         603,        1910,        8897,       12743,         279,        1206,         727,        1079,        5674,        8965,           1,          27,           .,           7,         618,         653,           .,          19,           3,          37,         146,         205

2014,"SORIA",         200,         721,         429,         874,        6332,        8556,         251,         414,         584,         744,        3271,        5264,           .,          50,           .,           6,         396,         452,           1,          23,           1,          43,          40,         108

2014,"VALLADOLID",        1131,        1110,        2114,        4034,       32535,       40924,         865,         588,        1639,        2116,       16576,       21784,          10,          70,           3,          43,        1628,        1754,           1,          39,           2,         111,         280,         433

2014,"ZAMORA",         352,         867,        1239,        1801,       10321,       14580,         280,         357,         881,        1299,        6166,        8983,           2,          35,           .,          26,         594,         657,           .,          42,           1,          83,         188,         314

2014,"TOTAL",        4868,        7855,       10566,       22719,      145294,      191302,        4372,        4660,       10020,       14097,       84474,      117623,          25,         410,           7,         187,        8887,        9516,          10,         351,          24,        1063,        1786,        3234

2015,"AVILA",         346,        1031,         970,        2648,       12415,       17410,         227,         472,         565,        1148,        5601,        8013,           .,          16,           .,          22,         490,         528,           .,          21,           5,          77,         125,         228

2015,"BURGOS",         802,        1052,        1706,        4663,       29232,       37455,         737,         507,        1578,        2091,       12959,       17872,           4,          59,           .,           8,        1465,        1536,           3,          39,           3,          85,         206,         336

2015,"LEON",        1095,        1001,        1759,        5760,       31649,       41264,         876,         448,        1895,        2866,       17258,       23343,           7,          54,           4,          31,        1560,        1656,           2,          55,           5,         379,         452,         893

2015,"PALENCIA",         352,         505,         830,        1730,        9876,       13293,         343,         269,         744,        1052,        6109,        8517,           .,          62,           .,          11,         647,         720,           3,          58,           1,          95,         110,         267

2015,"SALAMANCA",         829,        1385,        1745,        3597,       26891,       34447,         594,         459,        1531,        1886,       12170,       16640,           3,          40,           .,          34,        1543,        1620,           1,          59,           5,         167,         253,         485

2015,"SEGOVIA",         403,        1216,         686,        2376,       11330,       16011,         288,        1233,         753,        1097,        5835,        9206,           1,          27,           .,           7,         626,         661,           .,          19,           3,          38,         148,         208

2015,"SORIA",         234,         841,         487,        1080,        7812,       10454,         256,         424,         595,         786,        3326,        5387,           .,          50,           .,           6,         397,         453,           1,          24,           1,          46,          40,         112

2015,"VALLADOLID",        1351,        1416,        2438,        5248,       41362,       51815,         885,         596,        1679,        2156,       17006,       22322,          10,          70,           3,          45,        1660,        1788,           1,          39,           2,         112,         283,         437

2015,"ZAMORA",         441,        1035,        1353,        2387,       12960,       18176,         290,         361,         895,        1324,        6277,        9147,           2,          35,           .,          26,         596,         659,           .,          43,           1,          85,         189,         318

2015,"TOTAL",        5853,        9482,       11974,       29489,      183527,      240325,        4496,        4769,       10235,       14406,       86541,      120447,          27,         413,           7,         190,        8984,        9621,          11,         357,          26,        1084,        1806,        3284

2016,"AVILA",         344,        1061,         995,        2554,       12933,       17887,         221,         465,         605,        1082,        5401,        7774,           .,          15,           .,          23,         465,         503,           .,          21,           5,          75,         115,         216

2016,"BURGOS",         856,        1081,        1836,        4803,       31488,       40064,         712,         501,        1547,        2006,       12457,       17223,           4,          58,           .,           6,        1407,        1475,           3,          40,           3,          85,         192,         323

2016,"LEON",        1145,        1054,        1839,        5952,       33201,       43191,         860,         451,        1847,        2754,       16561,       22473,           7,          56,           4,          30,        1498,        1595,           2,          54,           5,         369,         428,         858

2016,"PALENCIA",         353,         506,         801,        1733,       10135,       13528,         333,         270,         715,         997,        5817,        8132,           .,          61,           .,          11,         625,         697,           3,          57,           1,          88,         109,         258

2016,"SALAMANCA",         840,        1452,        1856,        3560,       27886,       35594,         571,         459,        1511,        1740,       11602,       15883,           3,          38,           .,          34,        1459,        1534,           1,          59,           5,         161,         236,         462

2016,"SEGOVIA",         438,        1232,         723,        2258,       11818,       16469,         276,        1223,         737,         993,        5571,        8800,           1,          27,           .,           4,         604,         636,           .,          16,           3,          39,         138,         196

2016,"SORIA",         243,         855,         492,        1052,        7996,       10638,         247,         424,         574,         706,        3148,        5099,           .,          47,           .,           5,         374,         426,           1,          24,           1,          44,          37,         107

2016,"VALLADOLID",        1407,        1466,        2515,        5263,       43116,       53767,         874,         601,        1635,        2009,       16306,       21425,          10,          69,           3,          43,        1614,        1739,           1,          38,           3,         113,         272,         427

2016,"ZAMORA",         462,        1090,        1393,        2481,       13319,       18745,         279,         360,         865,        1228,        5987,        8719,           2,          33,           .,          24,         565,         624,           .,          42,           1,          79,         180,         302

2016,"TOTAL",        6088,        9797,       12450,       29656,      191892,      249883,        4373,        4754,       10036,       13515,       82850,      115528,          27,         404,           7,         180,        8611,        9229,          11,         351,          27,        1053,        1707,        3149

2017,"AVILA",         361,        1108,         996,        2453,       13060,       17978,         214,         474,         591,        1014,        5194,        7487,           .,          15,           .,          24,         436,         475,           .,          20,           6,          73,         110,         209

2017,"BURGOS",         865,        1081,        1813,        4678,       31703,       40140,         708,         492,        1489,        1887,       11849,       16425,           4,          56,           .,           6,        1328,        1394,           3,          38,           3,          78,         178,         300

2017,"LEON",        1203,        1097,        1855,        5997,       34085,       44237,         844,         433,        1787,        2547,       15921,       21532,           8,          54,           3,          32,        1440,        1537,           2,          54,           6,         361,         407,         830

2017,"PALENCIA",         365,         505,         768,        1672,       10449,       13759,         322,         267,         690,         938,        5658,        7875,           .,          59,           .,          11,         594,         664,           3,          57,           1,          84,         104,         249

2017,"SALAMANCA",         866,        1508,        1868,        3423,       28618,       36283,         552,         460,        1460,        1632,       11054,       15158,           3,          37,           .,          34,        1410,        1484,           1,          59,           5,         155,         213,         433

2017,"SEGOVIA",         430,        1219,         716,        2134,       12083,       16582,         265,        1192,         705,         937,        5384,        8483,           1,          28,           .,           8,         572,         609,           1,          15,           4,          40,         135,         195

2017,"SORIA",         242,         874,         488,        1004,        8122,       10730,         243,         459,         565,         669,        3032,        4968,           .,          44,           .,           5,         351,         400,           1,          23,           1,          38,          34,          97

2017,"VALLADOLID",        1420,        1483,        2519,        5142,       43948,       54512,         846,         591,        1581,        1868,       15723,       20609,           8,          68,           2,          39,        1545,        1662,           1,          37,           3,         110,         256,         407

2017,"ZAMORA",         466,        1126,        1387,        2448,       13546,       18973,         267,         359,         833,        1155,        5738,        8352,           2,          31,           .,          22,         536,         591,           .,          39,           1,          76,         177,         293

2017,"TOTAL",        6218,       10001,       12410,       28951,      195614,      253194,        4261,        4727,        9701,       12647,       79553,      110889,          26,         392,           5,         181,        8212,        8816,          12,         342,          30,        1015,        1614,        3013

2018,"AVILA",         368,        1149,        1055,        2466,       13720,       18758,         203,         454,         529,         970,        6996,        9152,           .,          14,           .,          23,         413,         450,           .,          18,           5,          70,         102,         195

2018,"BURGOS",         930,        1121,        1888,        4636,       33106,       41681,         696,         479,        1431,        1756,       11701,       16063,           4,          58,           .,           6,        1278,        1346,           3,          36,           2,          77,         163,         281

2018,"LEON",        1247,        1187,        1858,        5847,       35318,       45457,         807,         431,        1726,        2375,       15355,       20694,           8,          51,           3,          30,        1372,        1464,           2,          57,           5,         338,         386,         788

2018,"PALENCIA",         375,         516,         802,        1593,       10862,       14148,         313,         255,         668,         868,        5526,        7630,           .,          54,           .,           8,         558,         620,           3,          54,           1,          80,         100,         238

2018,"SALAMANCA",         897,        1572,        1882,        3452,       29975,       37778,         522,         462,        1456,        1523,       10766,       14729,           2,          34,           .,          35,        1354,        1425,           1,          61,           5,         148,         204,         419

2018,"SEGOVIA",         442,        1267,         748,        2106,       12743,       17306,         257,        1167,         694,         879,        5355,        8352,           1,          26,           .,           6,         550,         583,           1,          17,           4,          40,         131,         193

2018,"SORIA",         239,         873,         529,        1001,        8354,       10996,         231,         430,         538,         650,        2977,        4826,           .,          44,           .,           5,         341,         390,           1,          23,           1,          39,          32,          96

2018,"VALLADOLID",        1442,        1483,        2575,        5230,       45771,       56501,         842,         584,        1507,        1755,       15424,       20112,           7,          68,           2,          44,        1485,        1606,           1,          35,           3,         114,         250,         403

2018,"ZAMORA",         472,        1129,        1446,        2411,       13791,       19249,         256,         349,         801,        1098,        5544,        8048,           2,          32,           .,          22,         513,         569,           .,          37,           1,          71,         167,         276

2018,"TOTAL",        6412,       10297,       12783,       28742,      203640,      261874,        4127,        4611,        9350,       11874,       79644,      109606,          24,         381,           5,         179,        7864,        8453,          12,         338,          27,         977,        1535,        2889

2019,"AVILA",         374,        1138,        1105,        2469,       14088,       19174,         195,         446,         491,         969,        6833,        8934,           .,          14,           .,          20,         394,         428,           .,          17,           4,          64,          98,         183

2019,"BURGOS",         961,        1124,        1890,        4563,       34152,       42690,         687,         486,        1415,        1689,       11321,       15598,           4,          55,           .,           7,        1242,        1308,           3,          32,           2,          71,         151,         259

2019,"LEON",        1286,        1201,        1888,        5718,       36075,       46168,         787,         408,        1675,        2241,       14954,       20065,           9,          47,           3,          27,        1305,        1391,           2,          53,           5,         322,         361,         743

2019,"PALENCIA",         380,         516,         824,        1584,       11051,       14355,         306,         247,         662,         806,        5301,        7322,           .,          51,           .,           7,         532,         590,           3,          53,           2,          76,          95,         229

2019,"SALAMANCA",         897,        1506,        1895,        3384,       30938,       38620,         510,         442,        1440,        1397,       10652,       14441,           2,          36,           .,          34,        1305,        1377,           1,          60,           4,         140,         195,         400

2019,"SEGOVIA",         455,        1228,         758,        2125,       13360,       17926,         259,        1129,         655,         835,        5300,        8178,           1,          26,           .,           4,         520,         551,           1,          17,           4,          32,         126,         180

2019,"SORIA",         240,         869,         543,         961,        8594,       11207,         231,         429,         524,         607,        2870,        4661,           .,          41,           .,           5,         316,         362,           1,          21,           1,          38,          32,          93

2019,"VALLADOLID",        1486,        1497,        2648,        5280,       46958,       57869,         814,         564,        1467,        1720,       14963,       19528,           7,          68,           2,          45,        1426,        1548,           1,          32,           3,         104,         234,         374

2019,"ZAMORA",         458,        1182,        1466,        2344,       14070,       19520,         246,         336,         783,        1036,        5355,        7756,           2,          33,           .,          21,         486,         542,           .,          36,           1,          67,         164,         268

2019,"TOTAL",        6537,       10261,       13017,       28428,      209286,      267529,        4035,        4487,        9112,       11300,       77549,      106483,          25,         371,           5,         170,        7526,        8097,          12,         321,          26,         914,        1456,        2729

